{"center":[108.23298944489797,16.061515477551019],"zoom":14.4,"cells":26}